{
  "B": 500,
  "n_valid": 500,
  "n_obs": 255,
  "seed": 42,
  "distribution": "truncnorm",
  "sigma_constraint": "fixed_1",
  "mixture_source": "spec_level:baseline_only_sigma_fixed_1",
  "parameters": {
    "pi_N": {
      "point_estimate": 0.592032019163246,
      "bootstrap_se": 0.03792094660886059,
      "ci_2_5": 0.5109364596656958,
      "ci_97_5": 0.6613717950142745,
      "bootstrap_mean": 0.5888773831920661
    },
    "pi_H": {
      "point_estimate": 0.21909573690711276,
      "bootstrap_se": 0.033150331990635495,
      "ci_2_5": 0.15960533928208923,
      "ci_97_5": 0.2952349115837065,
      "bootstrap_mean": 0.22352931597562986
    },
    "pi_L": {
      "point_estimate": 0.1888722439296413,
      "bootstrap_se": 0.025135084322711464,
      "ci_2_5": 0.14131921814653253,
      "ci_97_5": 0.23674110186107655,
      "bootstrap_mean": 0.1875933008323041
    },
    "mu_N": {
      "point_estimate": 1.676330200756175,
      "bootstrap_se": 0.11946150310583424,
      "ci_2_5": 1.4401716654558017,
      "ci_97_5": 1.8959767018817637,
      "bootstrap_mean": 1.6698041666392751
    },
    "mu_H": {
      "point_estimate": 4.687559173241842,
      "bootstrap_se": 0.1936697384080491,
      "ci_2_5": 4.317873844470094,
      "ci_97_5": 5.04769193936746,
      "bootstrap_mean": 4.677485905088366
    },
    "mu_L": {
      "point_estimate": 9.999999941756158,
      "bootstrap_se": 0.08441547835606368,
      "ci_2_5": 9.722296624579199,
      "ci_97_5": 9.999999980121194,
      "bootstrap_mean": 9.947158373611114
    }
  }
}
