{
  "seed": 42,
  "B": 500,
  "n_obs": 4413,
  "K=2 vs K=3": {
    "test": "K=2 vs K=3",
    "K0": 2,
    "K1": 3,
    "LR_obs": 909.4674343307997,
    "p_value": 0.0,
    "B": 500,
    "n_valid": 500,
    "n_obs": 4413,
    "logL_K0": -9418.49151650615,
    "logL_K1": -8963.75779934075,
    "bootstrap_LR_percentiles": {
      "p5": 0.0,
      "p25": 0.0,
      "p50": 0.003995550235231349,
      "p75": 0.8093526603433929,
      "p95": 3.865562897114331,
      "p99": 6.2576870182090625,
      "max": 11.34535201606559
    }
  },
  "K=3 vs K=4": {
    "test": "K=3 vs K=4",
    "K0": 3,
    "K1": 4,
    "LR_obs": 78.82265415996153,
    "p_value": 0.0,
    "B": 500,
    "n_valid": 500,
    "n_obs": 4413,
    "logL_K0": -8963.75779934075,
    "logL_K1": -8924.34647226077,
    "bootstrap_LR_percentiles": {
      "p5": 0.0,
      "p25": 0.0,
      "p50": 0.0022782763535360573,
      "p75": 0.552557591947334,
      "p95": 2.745478274558989,
      "p99": 4.954722739129392,
      "max": 9.83379433866503
    }
  }
}
