{
  "B": 500,
  "n_valid": 500,
  "n_obs": 4531,
  "seed": 42,
  "distribution": "foldnorm",
  "sigma_constraint": "fixed_1",
  "trim_threshold": 10.0,
  "parameters": {
    "pi_N": {
      "point_estimate": 0.67118668633464,
      "bootstrap_se": 0.01225629840116914,
      "ci_2_5": 0.6456280953743511,
      "ci_97_5": 0.6937124577686994,
      "bootstrap_mean": 0.6700748075232462
    },
    "pi_H": {
      "point_estimate": 0.20875664346822226,
      "bootstrap_se": 0.010745681492465891,
      "ci_2_5": 0.1879752647163053,
      "ci_97_5": 0.23026871517832526,
      "bootstrap_mean": 0.20986531151945137
    },
    "pi_L": {
      "point_estimate": 0.120056670197138,
      "bootstrap_se": 0.00551778909711922,
      "ci_2_5": 0.11021192144676274,
      "ci_97_5": 0.130991968012573,
      "bootstrap_mean": 0.12005988095730243
    },
    "mu_N": {
      "point_estimate": 1.662847247973273,
      "bootstrap_se": 0.027828060708887267,
      "ci_2_5": 1.6024422253596775,
      "ci_97_5": 1.7145607524692446,
      "bootstrap_mean": 1.6612498606627042
    },
    "mu_H": {
      "point_estimate": 4.026895042912393,
      "bootstrap_se": 0.07909436497326455,
      "ci_2_5": 3.8688126116296755,
      "ci_97_5": 4.18379827256409,
      "bootstrap_mean": 4.016193679014241
    },
    "mu_L": {
      "point_estimate": 7.458278942559958,
      "bootstrap_se": 0.056608062245016987,
      "ci_2_5": 7.326981378238724,
      "ci_97_5": 7.544922393065345,
      "bootstrap_mean": 7.437274654818693
    }
  }
}
