{
  "seed": 42,
  "B": 200,
  "n_obs": 4812,
  "K=2 vs K=3": {
    "test": "K=2 vs K=3",
    "K0": 2,
    "K1": 3,
    "LR_obs": 87.71928330490482,
    "p_value": 0.635,
    "B": 200,
    "n_valid": 200,
    "n_obs": 4812,
    "logL_K0": -11258.075232666306,
    "logL_K1": -11214.215591013854,
    "bootstrap_LR_percentiles": {
      "p5": 7.4335219771723136,
      "p25": 19.382214838871732,
      "p50": 408.1954934563528,
      "p75": 538.5478910529655,
      "p95": 674.917527127536,
      "p99": 747.5919326813289,
      "max": 837.1565026807802
    }
  },
  "K=3 vs K=4": {
    "test": "K=3 vs K=4",
    "K0": 3,
    "K1": 4,
    "LR_obs": 73.08583693279797,
    "p_value": 0.18,
    "B": 200,
    "n_valid": 200,
    "n_obs": 4812,
    "logL_K0": -11214.215591013854,
    "logL_K1": -11177.672672547455,
    "bootstrap_LR_percentiles": {
      "p5": 0.13233084558796696,
      "p25": 4.160827981105285,
      "p50": 8.636073452818891,
      "p75": 21.41406456322693,
      "p95": 358.51424959993557,
      "p99": 469.90318653239916,
      "max": 525.9688325004645
    }
  }
}
