{
  "B": 200,
  "n_valid": 200,
  "n_obs": 4812,
  "seed": 42,
  "parameters": {
    "pi_N": {
      "point_estimate": 0.7776968643327317,
      "bootstrap_se": 0.006926523080757174,
      "ci_2_5": 0.7645521205122806,
      "ci_97_5": 0.790980247906311,
      "bootstrap_mean": 0.7768040465143574
    },
    "pi_H": {
      "point_estimate": 0.139836998254286,
      "bootstrap_se": 0.006734640033369499,
      "ci_2_5": 0.13030401185888346,
      "ci_97_5": 0.15455274748683295,
      "bootstrap_mean": 0.14350925218802482
    },
    "pi_L": {
      "point_estimate": 0.08246613741298231,
      "bootstrap_se": 0.0045540721643707255,
      "ci_2_5": 0.07144446955826148,
      "ci_97_5": 0.08957793672449688,
      "bootstrap_mean": 0.07968670129761776
    },
    "mu_N": {
      "point_estimate": 1.7184363406146472,
      "bootstrap_se": 0.05062314630341154,
      "ci_2_5": 1.6167285348443767,
      "ci_97_5": 1.8040756876720336,
      "bootstrap_mean": 1.7153086275997975
    },
    "mu_H": {
      "point_estimate": 6.998710879881974,
      "bootstrap_se": 0.041388811954768075,
      "ci_2_5": 6.928278604411314,
      "ci_97_5": 7.075184604122213,
      "bootstrap_mean": 6.999624047305025
    },
    "mu_L": {
      "point_estimate": 13.734594718813753,
      "bootstrap_se": 0.24840602418759575,
      "ci_2_5": 13.399589507891841,
      "ci_97_5": 14.385784975646088,
      "bootstrap_mean": 13.893358614018043
    },
    "sigma_N": {
      "point_estimate": 1.687548156497006,
      "bootstrap_se": 0.05327184035248803,
      "ci_2_5": 1.5948500741713891,
      "ci_97_5": 1.795694704355941,
      "bootstrap_mean": 1.68264507401677
    },
    "sigma_H": {
      "point_estimate": 0.8189660483740381,
      "bootstrap_se": 0.04181423443386477,
      "ci_2_5": 0.7677724499072972,
      "ci_97_5": 0.9163643944938903,
      "bootstrap_mean": 0.8385401296752495
    },
    "sigma_L": {
      "point_estimate": 3.6499478589315775,
      "bootstrap_se": 0.1597582386780874,
      "ci_2_5": 3.0374815529574106,
      "ci_97_5": 3.66298428182028,
      "bootstrap_mean": 3.3245241568495967
    }
  }
}
