lambda,FDR_target,B_lo,B_hi,n_eff_old,n_eff_new,m_old,m_new,m_ratio,FDR_null_old,FDR_null_new,FDR_null_new_with_old_m
0.02,0.05,1.96,10.0,834,41700,50,2141,42.82,0.04985988095557273,0.048241352495818485,0.32389796706064333
0.01,0.05,1.96,10.0,834,83400,50,4248,84.96,0.04985988095557273,0.049317062026814136,0.32389796706064333
0.007705833333333334,0.05,1.96,10.0,834,108230,50,5500,110.0,0.04985988095557273,0.04956289259843012,0.32389796706064333
0.006563888888888888,0.05,1.96,10.0,834,127059,50,6449,128.98,0.04985988095557273,0.049305072897924886,0.32389796706064333
0.005806186868686869,0.05,1.96,10.0,834,143640,50,7284,145.68,0.04985988095557273,0.04935608964384034,0.32389796706064333
0.005377777777777778,0.05,1.96,10.0,834,155083,50,7860,157.2,0.04985988095557273,0.049438307905544404,0.32389796706064333
0.004794097222222222,0.05,1.96,10.0,834,173964,50,8810,176.2,0.04985988095557273,0.049644859129791996,0.32389796706064333
0.004,0.05,1.96,10.0,834,208500,50,10547,210.94,0.04985988095557273,0.04985953819318892,0.32389796706064333
0.002,0.05,1.96,10.0,834,417000,50,21022,420.44,0.04985988095557273,0.049734223620610224,0.32389796706064333
