lambda,FDR_target,B_lo,B_hi,n_eff_old,n_eff_new,m_old,m_new,m_ratio,FDR_null_old,FDR_null_new,FDR_null_new_with_old_m
0.02,0.05,1.96,,112,5600,50,2064,41.28,0.04758121289545555,0.04967756143055112,0.6165270938459867
0.01,0.05,1.96,,112,11200,50,4089,81.78,0.04758121289545555,0.04894652982930619,0.6165270938459867
0.005813953488372093,0.05,1.96,,112,19264,50,6994,139.88,0.04758121289545555,0.049393843095898886,0.6165270938459867
0.004,0.05,1.96,,112,28000,50,10135,202.7,0.04758121289545555,0.04935214949311829,0.6165270938459867
0.002,0.05,1.96,,112,56000,50,20182,403.64,0.04758121289545555,0.049918896265571215,0.6165270938459867
