dependence_label,phi,Delta,lambda,FDR_target,n_eff_old,n_eff_new,m_old,m_new,m_ratio,n_old_implied
spec_order,0.14098088345082946,0.8590191165491705,0.005813953488372093,0.05,112,19264,50,6994,139.88,130.38126607696873
lex_path,0.14797114967606875,0.8520288503239313,0.005813953488372093,0.05,112,19264,50,6994,139.88,131.45094788447472
bfs,0.14098088345082946,0.8590191165491705,0.005813953488372093,0.05,112,19264,50,6994,139.88,130.38126607696873
dfs,0.14357582162839574,0.8564241783716042,0.005813953488372093,0.05,112,19264,50,6994,139.88,130.77631719010503
by_category,0.1512468900816547,0.8487531099183453,0.005813953488372093,0.05,112,19264,50,6994,139.88,131.9582793761722
preferred_ci_low_phi,0.10902138908685509,0.8909786109131449,0.005813953488372093,0.05,112,19264,50,6994,139.88,125.70447665989826
preferred_ci_high_phi,0.19543546769283018,0.8045645323071698,0.005813953488372093,0.05,112,19264,50,6994,139.88,139.20573863581672
