dependence_label,phi,Delta,lambda,FDR_target,n_eff_old,n_eff_new,m_old,m_new,m_ratio,n_old_implied
spec_order,0.2060200837951408,0.7939799162048592,0.005806186868686869,0.05,834,143640,50,7284,145.68,1050.4044031572394
lex_path,0.17707867681573636,0.8229213231842636,0.005806186868686869,0.05,834,143640,50,7284,145.68,1013.4626196984032
bfs,0.2060200837951408,0.7939799162048592,0.005806186868686869,0.05,834,143640,50,7284,145.68,1050.4044031572394
dfs,0.2079253472658383,0.7920746527341617,0.005806186868686869,0.05,834,143640,50,7284,145.68,1052.9310553255507
by_category,0.2099734457123989,0.790026554287601,0.005806186868686869,0.05,834,143640,50,7284,145.68,1055.6607185843918
preferred_ci_low_phi,0.1681814246161387,0.8318185753838613,0.005806186868686869,0.05,834,143640,50,7284,145.68,1002.6224764398079
preferred_ci_high_phi,0.24739377741886417,0.7526062225811359,0.005806186868686869,0.05,834,143640,50,7284,145.68,1108.1492219659258
