{
  "full_sample": {
    "n_obs": 4812,
    "n_papers": 95,
    "params": {
      "pi": {
        "N": 0.7329227869754124,
        "H": 0.1926396237394036,
        "L": 0.07443758928518397
      },
      "mu": {
        "N": 1.9493449975706103,
        "H": 6.971526158471451,
        "L": 14.573045682773994
      },
      "sigma": {
        "N": 1.0,
        "H": 1.0,
        "L": 1.0
      }
    },
    "log_likelihood": -12769.194282794784,
    "aic": 25548.38856558957,
    "bic": 25580.78290597504
  },
  "subgroups": {
    "AER": {
      "n_obs": 952,
      "n_papers": 20,
      "params": {
        "pi": {
          "N": 0.49190442312541544,
          "H": 0.3948298504741441,
          "L": 0.1132657264004404
        },
        "mu": {
          "N": 1.7558176306721405,
          "H": 5.660386668252167,
          "L": 15.506490259939682
        },
        "sigma": {
          "N": 1.0,
          "H": 1.0,
          "L": 1.0
        }
      },
      "log_likelihood": -2805.5500208990397,
      "aic": 5621.1000417980795,
      "bic": 5645.392866972036
    },
    "Non-AER": {
      "n_obs": 3860,
      "n_papers": 75,
      "params": {
        "pi": {
          "N": 0.7618611721974758,
          "H": 0.17171915605476304,
          "L": 0.066419671747761
        },
        "mu": {
          "N": 1.8795283333152195,
          "H": 7.1853761762393695,
          "L": 14.092687714075486
        },
        "sigma": {
          "N": 1.0,
          "H": 1.0,
          "L": 1.0
        }
      },
      "log_likelihood": -9716.23814046979,
      "aic": 19442.47628093958,
      "bic": 19473.768393251874
    },
    "AEJ: Applied": {
      "n_obs": 434,
      "n_papers": 10,
      "params": {
        "pi": {
          "N": 0.6185476034306451,
          "H": 0.29042486137433116,
          "L": 0.09102753519502371
        },
        "mu": {
          "N": 1.7706417631970233,
          "H": 8.174592624656478,
          "L": 13.92775948731902
        },
        "sigma": {
          "N": 1.0,
          "H": 1.0,
          "L": 1.0
        }
      },
      "log_likelihood": -1075.3489634646971,
      "aic": 2160.6979269293943,
      "bic": 2181.0631495998964
    },
    "AEJ: Macro": {
      "n_obs": 105,
      "n_papers": 3,
      "params": {
        "pi": {
          "N": 0.9219845440186689,
          "H": 0.0399210388550726,
          "L": 0.03809441712625857
        },
        "mu": {
          "N": 2.0349057100036227,
          "H": 5.690102714695956,
          "L": 14.925704420605728
        },
        "sigma": {
          "N": 1.0,
          "H": 1.0,
          "L": 1.0
        }
      },
      "log_likelihood": -170.22505641382804,
      "aic": 350.4501128276561,
      "bic": 363.7199145784437
    },
    "AEJ: Micro": {
      "n_obs": 545,
      "n_papers": 10,
      "params": {
        "pi": {
          "N": 0.8224259006039242,
          "H": 0.08907966778737524,
          "L": 0.08849443160870071
        },
        "mu": {
          "N": 1.1531249519423825,
          "H": 6.590520734322555,
          "L": 13.202047887749154
        },
        "sigma": {
          "N": 1.0,
          "H": 1.0,
          "L": 1.0
        }
      },
      "log_likelihood": -1056.981266070937,
      "aic": 2123.962532141874,
      "bic": 2145.46646111519
    },
    "AEJ: Policy": {
      "n_obs": 565,
      "n_papers": 11,
      "params": {
        "pi": {
          "N": 0.5347765134033874,
          "H": 0.344620531641768,
          "L": 0.12060295495484462
        },
        "mu": {
          "N": 0.39365231028042563,
          "H": 4.475112885055181,
          "L": 8.387462877898926
        },
        "sigma": {
          "N": 1.0,
          "H": 1.0,
          "L": 1.0
        }
      },
      "log_likelihood": -1159.5699348064195,
      "aic": 2329.139869612839,
      "bic": 2350.8239982685714
    },
    "AER: P&P": {
      "n_obs": 261,
      "n_papers": 4,
      "params": {
        "pi": {
          "N": 0.5096889544780748,
          "H": 0.46349113006470377,
          "L": 0.02681991545722133
        },
        "mu": {
          "N": 1.3272339803385167,
          "H": 3.1518326995135055,
          "L": 14.300031985495535
        },
        "sigma": {
          "N": 1.0,
          "H": 1.0,
          "L": 1.0
        }
      },
      "log_likelihood": -432.7591913792399,
      "aic": 875.5183827584798,
      "bic": 893.3409847950933
    }
  }
}
