{
  "full_sample": {
    "n_obs": 4531,
    "n_papers": 99,
    "params": {
      "pi": {
        "N": 0.67118668633464,
        "H": 0.20875664346822226,
        "L": 0.120056670197138
      },
      "mu": {
        "N": 1.662847247973273,
        "H": 4.026895042912393,
        "L": 7.458278942559958
      },
      "sigma": {
        "N": 1.0,
        "H": 1.0,
        "L": 1.0
      }
    },
    "log_likelihood": -8978.60985948308,
    "aic": 17967.21971896616,
    "bic": 17999.313208689495
  },
  "subgroups": {
    "AER": {
      "n_obs": 831,
      "n_papers": 23,
      "params": {
        "pi": {
          "N": 0.457077505949791,
          "H": 0.35722629840861014,
          "L": 0.18569619564159878
        },
        "mu": {
          "N": 1.480153449265354,
          "H": 4.287375777475761,
          "L": 7.1994572798800665
        },
        "sigma": {
          "N": 1.0,
          "H": 1.0,
          "L": 1.0
        }
      },
      "log_likelihood": -1781.4855058797352,
      "aic": 3572.9710117594705,
      "bic": 3596.584160733748
    },
    "Non-AER": {
      "n_obs": 3700,
      "n_papers": 76,
      "params": {
        "pi": {
          "N": 0.717455557015159,
          "H": 0.17663872811778417,
          "L": 0.10590571486705692
        },
        "mu": {
          "N": 1.6875908520433973,
          "H": 3.8855512252945763,
          "L": 7.545100495231002
        },
        "sigma": {
          "N": 1.0,
          "H": 1.0,
          "L": 1.0
        }
      },
      "log_likelihood": -7092.6030067071915,
      "aic": 14195.206013414383,
      "bic": 14226.286453907545
    },
    "AEJ: Applied": {
      "n_obs": 512,
      "n_papers": 10,
      "params": {
        "pi": {
          "N": 0.5947269948147108,
          "H": 0.3399517307361764,
          "L": 0.0653212744491128
        },
        "mu": {
          "N": 1.0097412068253295,
          "H": 2.836708350965902,
          "L": 8.455492922913914
        },
        "sigma": {
          "N": 1.0,
          "H": 1.0,
          "L": 1.0
        }
      },
      "log_likelihood": -876.2410654037608,
      "aic": 1762.4821308075216,
      "bic": 1783.6737539327191
    },
    "AEJ: Macro": {
      "n_obs": 84,
      "n_papers": 3,
      "params": {
        "pi": {
          "N": 0.954816747988539,
          "H": 0.03775983619189203,
          "L": 0.007423415819568819
        },
        "mu": {
          "N": 2.2488132498675966,
          "H": 5.574211196351214,
          "L": 6.7046170698361856
        },
        "sigma": {
          "N": 1.0,
          "H": 1.0,
          "L": 1.0
        }
      },
      "log_likelihood": -110.36445841650179,
      "aic": 230.72891683300358,
      "bic": 242.88300082722014
    },
    "AEJ: Micro": {
      "n_obs": 318,
      "n_papers": 5,
      "params": {
        "pi": {
          "N": 0.23963212860853822,
          "H": 0.7287472757652129,
          "L": 0.03162059562624873
        },
        "mu": {
          "N": 1.5745588478069985,
          "H": 1.5745590087571122,
          "L": 6.800912372827373
        },
        "sigma": {
          "N": 1.0,
          "H": 1.0,
          "L": 1.0
        }
      },
      "log_likelihood": -431.0039959110922,
      "aic": 872.0079918221844,
      "bic": 890.8182487360853
    },
    "AEJ: Policy": {
      "n_obs": 550,
      "n_papers": 12,
      "params": {
        "pi": {
          "N": 0.6406645532970252,
          "H": 0.24943717049076908,
          "L": 0.10989827621220583
        },
        "mu": {
          "N": 1.4954346426121785,
          "H": 4.588933346285289,
          "L": 8.081943995971669
        },
        "sigma": {
          "N": 1.0,
          "H": 1.0,
          "L": 1.0
        }
      },
      "log_likelihood": -1119.3311899558435,
      "aic": 2248.662379911687,
      "bic": 2270.2119713028196
    },
    "AER: P&P": {
      "n_obs": 238,
      "n_papers": 4,
      "params": {
        "pi": {
          "N": 0.22526611018729176,
          "H": 0.30885907333177676,
          "L": 0.4658748164809315
        },
        "mu": {
          "N": 1.5419766629370877,
          "H": 1.5419773696320431,
          "L": 3.179956507310514
        },
        "sigma": {
          "N": 1.0,
          "H": 1.0,
          "L": 1.0
        }
      },
      "log_likelihood": -366.28401518641783,
      "aic": 742.5680303728357,
      "bic": 759.9293837411931
    },
    "AERI": {
      "n_obs": 72,
      "n_papers": 1,
      "params": {
        "pi": {
          "N": 0.011656813058177869,
          "H": 0.9719481962332542,
          "L": 0.016394990708567807
        },
        "mu": {
          "N": 0.0032090794187772304,
          "H": 2.441991150758888,
          "L": 5.8526543272915506
        },
        "sigma": {
          "N": 1.0,
          "H": 1.0,
          "L": 1.0
        }
      },
      "log_likelihood": -96.96076551945605,
      "aic": 203.9215310389121,
      "bic": 215.30486163399237
    }
  }
}
