{
  "full_sample": {
    "n_obs": 5569,
    "n_papers": 96,
    "params": {
      "pi": {
        "N": 0.6155426431919502,
        "H": 0.22975573261560495,
        "L": 0.1547016241924448
      },
      "mu": {
        "N": 1.6721059374534626,
        "H": 4.530608756139933,
        "L": 9.999999998229397
      },
      "sigma": {
        "N": 1.0,
        "H": 1.0,
        "L": 1.0
      }
    },
    "log_likelihood": -731813.6658979885,
    "aic": 1463637.331795977,
    "bic": 1463670.4566498948
  },
  "subgroups": {
    "AER": {
      "n_obs": 3146,
      "n_papers": 55,
      "params": {
        "pi": {
          "N": 0.6171650590980652,
          "H": 0.21507487837669906,
          "L": 0.1677600625252358
        },
        "mu": {
          "N": 1.6950648837740991,
          "H": 4.927225978278508,
          "L": 9.999999981940684
        },
        "sigma": {
          "N": 1.0,
          "H": 1.0,
          "L": 1.0
        }
      },
      "log_likelihood": -725170.2336145518,
      "aic": 1450350.4672291037,
      "bic": 1450380.7366645217
    },
    "Non-AER": {
      "n_obs": 2423,
      "n_papers": 41,
      "params": {
        "pi": {
          "N": 0.40915213303474934,
          "H": 0.45437618296227766,
          "L": 0.13647168400297294
        },
        "mu": {
          "N": 1.010366927996165,
          "H": 3.460029538554777,
          "L": 9.999999995702334
        },
        "sigma": {
          "N": 1.0,
          "H": 1.0,
          "L": 1.0
        }
      },
      "log_likelihood": -6562.797317079923,
      "aic": 13135.594634159846,
      "bic": 13164.55844276393
    },
    "AEJ: Applied": {
      "n_obs": 897,
      "n_papers": 17,
      "params": {
        "pi": {
          "N": 0.5176270099090817,
          "H": 0.3786981274442346,
          "L": 0.10367486264668363
        },
        "mu": {
          "N": 1.377815191709991,
          "H": 3.5096693375244072,
          "L": 9.99999998472627
        },
        "sigma": {
          "N": 1.0,
          "H": 1.0,
          "L": 1.0
        }
      },
      "log_likelihood": -2049.0162497666934,
      "aic": 4108.032499533387,
      "bic": 4132.027778843681
    },
    "AEJ: Macro": {
      "n_obs": 121,
      "n_papers": 2,
      "params": {
        "pi": {
          "N": 0.44627857906988316,
          "H": 0.023703189979000918,
          "L": 0.5300182309511159
        },
        "mu": {
          "N": 0.8041101466649934,
          "H": 7.424994405343746,
          "L": 9.99999999866156
        },
        "sigma": {
          "N": 1.0,
          "H": 1.0,
          "L": 1.0
        }
      },
      "log_likelihood": -628.9683178344688,
      "aic": 1267.9366356689377,
      "bic": 1281.9155883969213
    },
    "AEJ: Policy": {
      "n_obs": 1206,
      "n_papers": 18,
      "params": {
        "pi": {
          "N": 0.2520556524958601,
          "H": 0.6178701160881868,
          "L": 0.1300742314159532
        },
        "mu": {
          "N": 0.25690030600076236,
          "H": 3.2047089792282186,
          "L": 9.999999969300632
        },
        "sigma": {
          "N": 1.0,
          "H": 1.0,
          "L": 1.0
        }
      },
      "log_likelihood": -3167.9483850453494,
      "aic": 6345.896770090699,
      "bic": 6371.372091977134
    },
    "AER: Insights": {
      "n_obs": 199,
      "n_papers": 4,
      "params": {
        "pi": {
          "N": 0.6536419501413602,
          "H": 0.29245986264192675,
          "L": 0.053898187216713175
        },
        "mu": {
          "N": 1.1760777907323638,
          "H": 5.120053383806936,
          "L": 9.999999983312884
        },
        "sigma": {
          "N": 1.0,
          "H": 1.0,
          "L": 1.0
        }
      },
      "log_likelihood": -559.6905797558836,
      "aic": 1129.3811595117672,
      "bic": 1145.8476836353898
    }
  }
}
