{
  "full_sample": {
    "n_obs": 4413,
    "n_papers": 95,
    "params": {
      "pi": {
        "N": 0.6218930637243159,
        "H": 0.23344889755439407,
        "L": 0.14465803872129013
      },
      "mu": {
        "N": 1.508700337717753,
        "H": 3.978054397556654,
        "L": 7.406901860883323
      },
      "sigma": {
        "N": 1.0,
        "H": 1.0,
        "L": 1.0
      }
    },
    "log_likelihood": -8963.75779934075,
    "aic": 17937.5155986815,
    "bic": 17969.47714872785
  },
  "subgroups": {
    "AER": {
      "n_obs": 840,
      "n_papers": 20,
      "params": {
        "pi": {
          "N": 0.4314047421459063,
          "H": 0.4021151727510096,
          "L": 0.16648008510308399
        },
        "mu": {
          "N": 1.3691603805862846,
          "H": 4.216923706984509,
          "L": 7.160435917771783
        },
        "sigma": {
          "N": 1.0,
          "H": 1.0,
          "L": 1.0
        }
      },
      "log_likelihood": -1782.879571088241,
      "aic": 3575.759142176482,
      "bic": 3599.4261516356687
    },
    "Non-AER": {
      "n_obs": 3573,
      "n_papers": 75,
      "params": {
        "pi": {
          "N": 0.6574784421008097,
          "H": 0.1997785513634587,
          "L": 0.14274300653573152
        },
        "mu": {
          "N": 1.5144262870839063,
          "H": 3.772451302486269,
          "L": 7.433662378782838
        },
        "sigma": {
          "N": 1.0,
          "H": 1.0,
          "L": 1.0
        }
      },
      "log_likelihood": -7091.662945972386,
      "aic": 14193.325891944773,
      "bic": 14224.23169623489
    },
    "AEJ: Applied": {
      "n_obs": 376,
      "n_papers": 10,
      "params": {
        "pi": {
          "N": 0.702074575625309,
          "H": 0.07985215783493377,
          "L": 0.2180732665397573
        },
        "mu": {
          "N": 1.7813095872404157,
          "H": 6.212617148663168,
          "L": 8.165768826430982
        },
        "sigma": {
          "N": 1.0,
          "H": 1.0,
          "L": 1.0
        }
      },
      "log_likelihood": -756.1362306555056,
      "aic": 1522.2724613110113,
      "bic": 1541.9204070279607
    },
    "AEJ: Macro": {
      "n_obs": 101,
      "n_papers": 3,
      "params": {
        "pi": {
          "N": 0.9593159167734758,
          "H": 0.03489262867214455,
          "L": 0.005791454554379721
        },
        "mu": {
          "N": 2.081268407134835,
          "H": 5.522728903156957,
          "L": 6.74383190303371
        },
        "sigma": {
          "N": 1.0,
          "H": 1.0,
          "L": 1.0
        }
      },
      "log_likelihood": -134.7198793719013,
      "aic": 279.4397587438026,
      "bic": 292.5153613280089
    },
    "AEJ: Micro": {
      "n_obs": 497,
      "n_papers": 10,
      "params": {
        "pi": {
          "N": 0.5575346709312028,
          "H": 0.34497955548768583,
          "L": 0.0974857735811115
        },
        "mu": {
          "N": 1.287659373966481,
          "H": 1.287660584001027,
          "L": 6.618317376943047
        },
        "sigma": {
          "N": 1.0,
          "H": 1.0,
          "L": 1.0
        }
      },
      "log_likelihood": -767.0226719421355,
      "aic": 1544.045343884271,
      "bic": 1565.0882940147542
    },
    "AEJ: Policy": {
      "n_obs": 560,
      "n_papers": 11,
      "params": {
        "pi": {
          "N": 0.5425569322261838,
          "H": 0.3402562366513698,
          "L": 0.1171868311224464
        },
        "mu": {
          "N": 0.6683113277616713,
          "H": 4.466205002557136,
          "L": 7.978254756689631
        },
        "sigma": {
          "N": 1.0,
          "H": 1.0,
          "L": 1.0
        }
      },
      "log_likelihood": -1092.420731484046,
      "aic": 2194.841462968092,
      "bic": 2216.481146886738
    },
    "AER: P&P": {
      "n_obs": 254,
      "n_papers": 4,
      "params": {
        "pi": {
          "N": 0.2816901121879572,
          "H": 0.2658269633863736,
          "L": 0.45248292442566923
        },
        "mu": {
          "N": 1.5228342270421458,
          "H": 1.5228345092274156,
          "L": 3.1608778509214748
        },
        "sigma": {
          "N": 1.0,
          "H": 1.0,
          "L": 1.0
        }
      },
      "log_likelihood": -389.83130343354213,
      "aic": 789.6626068670843,
      "bic": 807.349278202177
    }
  }
}
