{
  "index": "neglog10p_two_sided",
  "winsorize_threshold": 20.0,
  "i4r_benchmark": {
    "primary": {
      "distribution": "gamma",
      "sigma_constraint": null,
      "pi": {
        "N": 0.02078399948459185,
        "H": 0.8385254374669108,
        "L": 0.14069056304849725
      },
      "mu": {
        "N": 0.15246134008748888,
        "H": 1.9792396186814396,
        "L": 4.411361552574359
      },
      "sigma": {
        "N": 4.062343303770426e-05,
        "H": 0.6652377201846882,
        "L": 1.171780511922779
      },
      "log_likelihood": -47.794648144814786,
      "aic": 111.58929628962957,
      "bic": 125.10033192254106,
      "n_obs": 40,
      "n_params": 8,
      "converged": true,
      "n_iter": 83,
      "optimizer_message": "CONVERGENCE: RELATIVE REDUCTION OF F <= FACTR*EPSMCH"
    }
  },
  "spec_level": {
    "equal_weight": {
      "distribution": "gamma",
      "sigma_constraint": null,
      "pi": {
        "N": 0.5713123369206758,
        "H": 0.3604548369536735,
        "L": 0.06823282612565074
      },
      "mu": {
        "N": 0.9505301102167852,
        "H": 6.028107258911104,
        "L": 20.000396666802146
      },
      "sigma": {
        "N": 1.0472214920944032,
        "H": 4.675521588068723,
        "L": 0.007277725068042104
      },
      "log_likelihood": -12733.482215940283,
      "aic": 25482.964431880566,
      "bic": 25537.744460887956,
      "n_obs": 6957,
      "n_params": 8,
      "converged": true,
      "n_iter": 75,
      "optimizer_message": "CONVERGENCE: RELATIVE REDUCTION OF F <= FACTR*EPSMCH"
    },
    "baseline_only": {
      "distribution": "gamma",
      "sigma_constraint": null,
      "pi": {
        "N": 0.265407933348188,
        "H": 0.5530181721734885,
        "L": 0.1815738944783236
      },
      "mu": {
        "N": 0.28381002598970784,
        "H": 2.1033529210898614,
        "L": 12.620179604251241
      },
      "sigma": {
        "N": 0.28395529549308485,
        "H": 1.1571754765971454,
        "L": 4.894371957085586
      },
      "log_likelihood": -540.1447020686848,
      "aic": 1096.2894041373695,
      "bic": 1124.7440286309659,
      "n_obs": 259,
      "n_params": 8,
      "converged": true,
      "n_iter": 77,
      "optimizer_message": "CONVERGENCE: RELATIVE REDUCTION OF F <= FACTR*EPSMCH"
    },
    "baseline_only_sigma_fixed_1": {
      "distribution": "gamma",
      "sigma_constraint": "fixed_1",
      "pi": {
        "N": 0.06004191156617235,
        "H": 0.8322959414496962,
        "L": 0.10766214698413154
      },
      "mu": {
        "N": 0.12263852234760543,
        "H": 1.101594264158441,
        "L": 10.686878349989506
      },
      "sigma": {
        "N": 1.0,
        "H": 1.0,
        "L": 1.0
      },
      "log_likelihood": -675.6814016454442,
      "aic": 1361.3628032908885,
      "bic": 1379.146943599386,
      "n_obs": 259,
      "n_params": 5,
      "converged": true,
      "n_iter": 20,
      "optimizer_message": "CONVERGENCE: RELATIVE REDUCTION OF F <= FACTR*EPSMCH"
    },
    "winsor_sensitivity": {
      "winsor_15": {
        "distribution": "gamma",
        "sigma_constraint": null,
        "pi": {
          "N": 0.670585715945479,
          "H": 0.17645627871777378,
          "L": 0.1529580053367472
        },
        "mu": {
          "N": 1.5641465277969462,
          "H": 2.216093274856314,
          "L": 12.14990068762883
        },
        "sigma": {
          "N": 1.8150508695118237,
          "H": 0.7074455347094165,
          "L": 2.5122291704243214
        },
        "log_likelihood": -521.922517682729,
        "aic": 1059.845035365458,
        "bic": 1088.2996598590544,
        "n_obs": 259,
        "n_params": 8,
        "converged": true,
        "n_iter": 64,
        "optimizer_message": "CONVERGENCE: RELATIVE REDUCTION OF F <= FACTR*EPSMCH"
      },
      "winsor_10": {
        "distribution": "gamma",
        "sigma_constraint": null,
        "pi": {
          "N": 0.8536528816533028,
          "H": 2.7872903406339943e-09,
          "L": 0.14634711555940674
        },
        "mu": {
          "N": 1.5704230545364586,
          "H": 2.0149795799297197,
          "L": 10.000000389062748
        },
        "sigma": {
          "N": 1.716284402997289,
          "H": 2.811801905506875,
          "L": 0.0006750997329455467
        },
        "log_likelihood": -293.8355714275674,
        "aic": 603.6711428551348,
        "bic": 632.1257673487311,
        "n_obs": 259,
        "n_params": 8,
        "converged": true,
        "n_iter": 46,
        "optimizer_message": "CONVERGENCE: RELATIVE REDUCTION OF F <= FACTR*EPSMCH"
      }
    }
  },
  "spec_level_verified_core": {
    "z_column": "Z_logp",
    "all_core": {
      "distribution": "gamma",
      "sigma_constraint": null,
      "pi": {
        "N": 2.7931895473565294e-07,
        "H": 0.9491629028745976,
        "L": 0.050836817806447825
      },
      "mu": {
        "N": 0.06781925424048553,
        "H": 4.594768342961411,
        "L": 19.9999990045494
      },
      "sigma": {
        "N": 6.204428539243833,
        "H": 5.772589659990138,
        "L": 0.0016784259629377186
      },
      "log_likelihood": -8930.71796032996,
      "aic": 17877.43592065992,
      "bic": 17929.266865276673,
      "n_obs": 4812,
      "n_params": 8,
      "converged": true,
      "n_iter": 52,
      "optimizer_message": "CONVERGENCE: RELATIVE REDUCTION OF F <= FACTR*EPSMCH"
    },
    "baseline_only": {
      "distribution": "gamma",
      "sigma_constraint": null,
      "pi": {
        "N": 1.1885086836668053e-08,
        "H": 0.9585440756249142,
        "L": 0.04145591248999906
      },
      "mu": {
        "N": 2.3518498022820973,
        "H": 3.292525983649526,
        "L": 20.002922160161177
      },
      "sigma": {
        "N": 4.629111691920264,
        "H": 4.159114981371303,
        "L": 0.005578891289593023
      },
      "log_likelihood": -547.1179387671257,
      "aic": 1110.2358775342514,
      "bic": 1139.140902385356,
      "n_obs": 274,
      "n_params": 8,
      "converged": true,
      "n_iter": 47,
      "optimizer_message": "CONVERGENCE: RELATIVE REDUCTION OF F <= FACTR*EPSMCH"
    }
  },
  "claim_level": {
    "primary": {
      "distribution": "gamma",
      "sigma_constraint": null,
      "pi": {
        "N": 0.8089088199000064,
        "H": 0.044375301175539776,
        "L": 0.14671587892445392
      },
      "mu": {
        "N": 5.20476439859092,
        "H": 11.965856684005848,
        "L": 19.999638859925494
      },
      "sigma": {
        "N": 5.758793865794593,
        "H": 0.5623236923737305,
        "L": 0.006084430118058705
      },
      "log_likelihood": -85.05130043369843,
      "aic": 186.10260086739686,
      "bic": 199.61363650030836,
      "n_obs": 40,
      "n_params": 8,
      "converged": true,
      "n_iter": 69,
      "optimizer_message": "CONVERGENCE: RELATIVE REDUCTION OF F <= FACTR*EPSMCH"
    }
  }
}
