distance,n_specs,sign_match_rate
0,573,0.9336823734729494
1,222,0.8918918918918919
2,3741,0.9516172146484897
3,75,1.0
