distance,n_specs,sign_match_rate
0,866,0.9214780600461894
1,169,0.9467455621301775
2,3572,0.937010078387458
3,107,0.9626168224299065
