{
  "full_sample": {
    "n_obs": 4812,
    "params": {
      "pi": {
        "N": 0.7700583820300959,
        "H": 0.11326997869378591,
        "L": 0.11667163927611816
      },
      "mu": {
        "N": 1.4287002577216938,
        "H": 6.968474191422719,
        "L": 12.201910460106836
      },
      "sigma": {
        "N": 1.932098989889252,
        "H": 1.2270131210564605,
        "L": 4.033981553135801
      }
    }
  },
  "journal_subsamples": {
    "AEJ: Applied": {
      "n_obs": 434,
      "params": {
        "pi": {
          "N": 3.172249914937157e-05,
          "H": 0.5733120500447784,
          "L": 0.4266562274560724
        },
        "mu": {
          "N": 0.491039263990383,
          "H": 1.6493332165102486,
          "L": 8.835192996761297
        },
        "sigma": {
          "N": 1.8003743901291256,
          "H": 0.9711885461736842,
          "L": 3.4133907624604234
        }
      }
    },
    "AEJ: Macro": {
      "n_obs": 105,
      "params": {
        "pi": {
          "N": 0.14051802267206537,
          "H": 0.07554242926866511,
          "L": 0.7839395480592696
        },
        "mu": {
          "N": 5.755932181459221e-06,
          "H": 0.8500118387154487,
          "L": 2.1830429070111994
        },
        "sigma": {
          "N": 8.693736322915484,
          "H": 0.1197860711398565,
          "L": 0.5158168338740379
        }
      }
    },
    "AEJ: Micro": {
      "n_obs": 545,
      "params": {
        "pi": {
          "N": 0.7535790246013241,
          "H": 0.20310078142012214,
          "L": 0.04332019397855379
        },
        "mu": {
          "N": 1.1092560427304319,
          "H": 3.482521276140836,
          "L": 12.699656160633985
        },
        "sigma": {
          "N": 0.9442064765026508,
          "H": 6.4560573216250665,
          "L": 0.3139498641608618
        }
      }
    },
    "AEJ: Policy": {
      "n_obs": 565,
      "params": {
        "pi": {
          "N": 0.4446409112820097,
          "H": 0.5502111083448752,
          "L": 0.005147980373115096
        },
        "mu": {
          "N": 0.2706417174302907,
          "H": 4.629270448922831,
          "L": 13.310425602170781
        },
        "sigma": {
          "N": 0.907835548713725,
          "H": 2.381309722602358,
          "L": 0.27298379899068564
        }
      }
    },
    "AER": {
      "n_obs": 952,
      "params": {
        "pi": {
          "N": 0.02509957395920453,
          "H": 0.865807278732078,
          "L": 0.10909314730871748
        },
        "mu": {
          "N": 1.4093570725874465,
          "H": 2.3219465731261284,
          "L": 15.58977000312604
        },
        "sigma": {
          "N": 0.02390540226953856,
          "H": 3.268264382643431,
          "L": 2.6940498010567078
        }
      }
    },
    "AER: P&P": {
      "n_obs": 261,
      "params": {
        "pi": {
          "N": 0.621549364976636,
          "H": 0.35163087547689714,
          "L": 0.026819759546466846
        },
        "mu": {
          "N": 1.4923028233784306,
          "H": 3.6526458076012522,
          "L": 14.300025119474297
        },
        "sigma": {
          "N": 0.7089551778367668,
          "H": 0.377817470508437,
          "L": 1.3287975358409458
        }
      }
    }
  },
  "random_halves": {
    "Half A": {
      "n_obs": 2514,
      "n_papers": 47,
      "params": {
        "pi": {
          "N": 0.6446335418130797,
          "H": 0.2836208947819167,
          "L": 0.07174556340500356
        },
        "mu": {
          "N": 1.1378498306099518,
          "H": 6.4793705880113945,
          "L": 14.399017214396231
        },
        "sigma": {
          "N": 1.774725338825857,
          "H": 1.8458831041145987,
          "L": 3.1857597425551756
        }
      }
    },
    "Half B": {
      "n_obs": 2298,
      "n_papers": 48,
      "params": {
        "pi": {
          "N": 0.7482106248503786,
          "H": 0.05617239055801283,
          "L": 0.19561698459160845
        },
        "mu": {
          "N": 1.3521438373915915,
          "H": 2.367745294844531,
          "L": 9.403528753607542
        },
        "sigma": {
          "N": 1.9755576771500618,
          "H": 0.13375040488384785,
          "L": 5.057249523686407
        }
      }
    }
  }
}
