{
  "sample_a_all_specs": {
    "label": "Sample A (all specs)",
    "n_papers": 40,
    "n_specs": 2916,
    "specs_per_paper_mean": 72.9,
    "specs_per_paper_median": 66.5,
    "specs_per_paper_q1": 59.5,
    "specs_per_paper_q3": 86.25,
    "z_abs_mean": 3.809212244439165,
    "z_abs_median": 2.4663462409895427,
    "z_abs_sd": 3.940907973961953,
    "z_abs_q1": 1.2902134151362281,
    "z_abs_q3": 4.966798981541858,
    "frac_significant_005": 0.6237997256515775,
    "journal_composition": {
      "AER: Insights": 13,
      "AEJ: Policy": 11,
      "AEJ: Applied": 8,
      "AER": 6,
      "AEJ: Macro": 2
    }
  },
  "sample_b_all_specs": {
    "label": "Sample B (all specs)",
    "n_papers": 99,
    "n_specs": 7501,
    "specs_per_paper_mean": 75.76767676767676,
    "specs_per_paper_median": 69.0,
    "specs_per_paper_q1": 59.5,
    "specs_per_paper_q3": 86.5,
    "z_abs_mean": 3.486011044122083,
    "z_abs_median": 2.3022928079545473,
    "z_abs_sd": 3.7266768756239994,
    "z_abs_q1": 1.1148190857392946,
    "z_abs_q3": 4.191469039382674,
    "frac_significant_005": 0.5696573790161312,
    "journal_composition": {
      "AER": 28,
      "AEJ: Policy": 23,
      "AEJ: Applied": 19,
      "AER: Insights": 14,
      "AEJ: Macro": 6,
      "AEJ: Micro": 5,
      "AER: P&P": 4
    }
  },
  "sample_b_verified_core": {
    "label": "Sample B (verified core)",
    "n_papers": 99,
    "n_specs": 4899,
    "specs_per_paper_mean": 49.484848484848484,
    "specs_per_paper_median": 44.0,
    "specs_per_paper_q1": 38.0,
    "specs_per_paper_q3": 56.0,
    "z_abs_mean": 3.7526804028736755,
    "z_abs_median": 2.4781875699445424,
    "z_abs_sd": 3.7995897912062047,
    "z_abs_q1": 1.4253124216279018,
    "z_abs_q3": 4.4283575895089395,
    "frac_significant_005": 0.6364564196774852,
    "journal_composition": {
      "AER": 28,
      "AEJ: Policy": 23,
      "AEJ: Applied": 19,
      "AER: Insights": 14,
      "AEJ: Macro": 6,
      "AEJ: Micro": 5,
      "AER: P&P": 4
    }
  },
  "i4r_comparison": {
    "n_papers": 40,
    "t_orig_mean": 2.8259999999999996,
    "t_i4r_mean": 2.686,
    "t_AI_abs_mean": 5.261928614150042,
    "agreement_counts": {
      "discrepant": 30,
      "close": 9,
      "exact": 1
    }
  }
}
