{
  "verified_core": {
    "n_obs": 4899,
    "n_papers": 99,
    "grand_mean_z_abs": 3.7526804028736755,
    "total_variance": 14.43688258143841,
    "between_paper_variance_simple": 12.631797808053458,
    "within_paper_variance_unweighted": 6.498469322715154,
    "within_paper_variance_weighted": 4.892062631186653,
    "anova": {
      "ss_total": 70711.85088388533,
      "ss_between": 47388.98451665072,
      "ss_within": 23322.86636723461,
      "ms_between": 483.56106649643596,
      "ms_within": 4.858930493173877,
      "n0_adjusted_group_size": 49.35541614073676,
      "sigma2_between": 9.699080130096462,
      "sigma2_within": 4.858930493173877,
      "sigma2_total": 14.558010623270338
    },
    "icc": 0.6662366432535026,
    "within_paper_share": 0.3337633567464974,
    "specs_per_paper_mean": 49.484848484848484,
    "specs_per_paper_median": 44.0,
    "source_file": "spec_level_verified_core.csv"
  },
  "all_specs": {
    "n_obs": 7501,
    "n_papers": 99,
    "grand_mean_z_abs": 3.486011044122083,
    "total_variance": 13.888120535310653,
    "between_paper_variance_simple": 9.796868463183097,
    "within_paper_variance_unweighted": 8.402519494675644,
    "within_paper_variance_weighted": 6.816855438401002,
    "anova": {
      "ss_total": 104160.9040148299,
      "ss_between": 53859.52080135686,
      "ss_within": 50301.38321347303,
      "ms_between": 549.586946952621,
      "ms_within": 6.79564755653513,
      "n0_adjusted_group_size": 75.61909296447548,
      "sigma2_between": 7.177966279641566,
      "sigma2_within": 6.79564755653513,
      "sigma2_total": 13.973613836176696
    },
    "icc": 0.5136800232061888,
    "within_paper_share": 0.4863199767938112,
    "specs_per_paper_mean": 75.76767676767676,
    "specs_per_paper_median": 69.0,
    "source_file": "spec_level.csv"
  }
}
